playerId,name,team,position,season,situation,games_played,I_F_goals,I_F_primaryAssists,I_F_secondaryAssists,I_F_points,I_F_shotsOnGoal,I_F_blockedShotAttempts,I_F_hits,icetime,I_F_xGoals,I_F_highDangerShots,I_F_highDangerGoals,onIce_xGoalsPercentage,gameScore,I_F_assists
8478975,Mason Marchment,DAL,L,2023,all,13,3.0,1.0,1.0,5.0,24.0,10.0,52.0,211:14,3.04,4.0,1.0,0.58,6.15,2
8478970,Jalen Chatfield,CAR,D,2023,all,11,0.0,1.0,1.0,2.0,15.0,18.0,11.0,222:09,1.29,2.0,0.0,0.48,6.83,2
8477940,Nikolaj Ehlers,WPG,L,2023,all,5,0.0,1.0,1.0,2.0,14.0,11.0,11.0,79:22,0.76,0.0,0.0,0.37,2.35,2
8475168,Matt Duchene,DAL,C,2023,all,19,2.0,4.0,0.0,6.0,27.0,28.0,19.0,326:12,2.83,3.0,1.0,0.6,7.67,4
8480950,Ilya Lyubushkin,TOR,D,2023,all,7,0.0,1.0,2.0,3.0,3.0,2.0,29.0,115:30,0.2,0.0,0.0,0.53,3.47,3
8477845,Trevor van Riemsdyk,WSH,D,2023,all,3,0.0,0.0,0.0,0.0,2.0,1.0,1.0,47:40,0.07,0.0,0.0,0.31,0.25,0
8480829,Jesperi Kotkaniemi,CAR,C,2023,all,11,0.0,0.0,1.0,1.0,15.0,6.0,12.0,121:09,1.51,2.0,0.0,0.47,2.92,1
8477979,Nicolas Aube-Kubel,WSH,R,2023,all,3,0.0,0.0,0.0,0.0,0.0,2.0,5.0,28:05,0.01,0.0,0.0,0.33,-0.8,0
8477971,Andreas Englund,LAK,D,2023,all,5,0.0,0.0,1.0,1.0,0.0,2.0,25.0,65:23,0.03,0.0,0.0,0.33,0.8,1
8473449,Kyle Okposo,FLA,R,2023,all,17,0.0,1.0,1.0,2.0,16.0,9.0,52.0,145:27,1.51,2.0,0.0,0.41,1.32,2
8476927,Teddy Blueger,VAN,C,2023,all,13,0.0,2.0,0.0,2.0,4.0,7.0,18.0,172:20,0.74,1.0,0.0,0.28,-0.39,2
8482093,Seth Jarvis,CAR,C,2023,all,11,5.0,2.0,2.0,9.0,25.0,9.0,27.0,226:22,5.42,6.0,4.0,0.63,11.46,4
8482146,Luke Evangelista,NSH,R,2023,all,6,1.0,0.0,0.0,1.0,14.0,4.0,2.0,80:16,0.94,1.0,0.0,0.72,2.9,0
8478403,Jack Eichel,VGK,C,2023,all,7,3.0,2.0,2.0,7.0,23.0,18.0,12.0,149:25,2.06,3.0,2.0,0.51,8.04,4
8478438,Tommy Novak,NSH,C,2023,all,6,0.0,0.0,0.0,0.0,5.0,3.0,4.0,63:08,0.43,0.0,0.0,0.53,0.85,0
8480796,Martin Fehervary,WSH,D,2023,all,4,2.0,0.0,1.0,3.0,8.0,4.0,16.0,86:59,0.46,0.0,0.0,0.32,2.2,1
8475722,Jason Zucker,NSH,L,2023,all,6,1.0,1.0,1.0,3.0,17.0,2.0,15.0,85:47,1.28,1.0,0.0,0.61,3.23,2
8477478,William Carrier,VGK,L,2023,all,7,1.0,0.0,0.0,1.0,9.0,5.0,33.0,74:58,0.6,0.0,0.0,0.4,-0.03,0
8480865,Noah Dobson,NYI,D,2023,all,5,0.0,1.0,0.0,1.0,6.0,7.0,5.0,120:30,0.66,1.0,0.0,0.52,-0.05,1
8479353,Brett Howden,VGK,C,2023,all,7,1.0,0.0,1.0,2.0,7.0,5.0,23.0,91:11,1.25,0.0,0.0,0.34,2.17,1
8474166,Alec Martinez,VGK,D,2023,all,6,0.0,0.0,0.0,0.0,4.0,9.0,8.0,101:02,0.12,0.0,0.0,0.35,-0.7,0
8478440,Dylan Strome,WSH,C,2023,all,4,1.0,0.0,1.0,2.0,10.0,3.0,6.0,81:23,2.66,4.0,1.0,0.59,2.73,1
8478042,Viktor Arvidsson,LAK,R,2023,all,5,0.0,2.0,1.0,3.0,11.0,7.0,12.0,91:16,0.85,1.0,0.0,0.43,3.66,3
8481556,John Beecher,BOS,C,2023,all,12,1.0,0.0,1.0,2.0,13.0,4.0,23.0,128:40,2.46,5.0,0.0,0.36,-1.32,1
8481554,Kaapo Kakko,NYR,R,2023,all,15,1.0,1.0,0.0,2.0,19.0,14.0,20.0,181:39,1.84,3.0,1.0,0.47,1.59,1
8480113,Alex Iafallo,WPG,L,2023,all,5,0.0,1.0,0.0,1.0,1.0,1.0,6.0,54:14,0.02,0.0,0.0,0.26,-0.32,1
8482124,Quinton Byfield,LAK,R,2023,all,5,0.0,3.0,1.0,4.0,8.0,11.0,11.0,80:59,0.52,1.0,0.0,0.52,5.7,4
8476474,Stefan Noesen,CAR,R,2023,all,11,4.0,0.0,0.0,4.0,11.0,4.0,16.0,103:07,2.28,5.0,4.0,0.56,5.0,0
8476479,Phillip Danault,LAK,C,2023,all,5,0.0,0.0,1.0,1.0,9.0,1.0,6.0,86:18,0.99,1.0,0.0,0.42,1.85,1
8475225,Craig Smith,DAL,C,2023,all,14,0.0,2.0,0.0,2.0,14.0,11.0,25.0,157:13,0.82,0.0,0.0,0.41,1.34,2
8474013,Ian Cole,VAN,D,2023,all,13,0.0,2.0,0.0,2.0,4.0,10.0,18.0,218:38,0.23,0.0,0.0,0.36,1.75,2
8480823,Alexander Alexeyev,WSH,D,2023,all,4,0.0,1.0,0.0,1.0,2.0,10.0,6.0,76:52,0.12,0.0,0.0,0.51,2.35,1
8474034,Pat Maroon,BOS,L,2023,all,13,0.0,1.0,1.0,2.0,5.0,4.0,31.0,124:35,0.94,2.0,0.0,0.59,-0.03,2
8475714,Calle Jarnkrok,TOR,C,2023,all,7,0.0,0.0,0.0,0.0,14.0,10.0,8.0,97:38,1.68,2.0,0.0,0.58,1.27,0
8481580,Connor McMichael,WSH,C,2023,all,4,1.0,0.0,0.0,1.0,13.0,8.0,2.0,64:06,1.0,1.0,0.0,0.34,1.18,0
8475218,Mattias Ekholm,EDM,D,2023,all,25,5.0,3.0,2.0,10.0,45.0,32.0,28.0,549:03,3.59,4.0,2.0,0.52,19.13,5
8481014,Alexander Romanov,NYI,D,2023,all,5,0.0,0.0,1.0,1.0,6.0,8.0,9.0,112:45,0.23,0.0,0.0,0.4,1.2,1
8481604,Pavel Dorofeyev,VGK,L,2023,all,1,0.0,0.0,0.0,0.0,0.0,0.0,0.0,7:11,0.01,0.0,0.0,0.05,-0.46,0
8476925,Colton Sissons,NSH,C,2023,all,6,1.0,0.0,0.0,1.0,10.0,4.0,18.0,101:52,1.89,4.0,1.0,0.44,0.72,0
8475197,Tyson Barrie,NSH,D,2023,all,1,0.0,0.0,1.0,1.0,0.0,4.0,0.0,17:42,0.01,0.0,0.0,0.76,0.55,1
8477932,Aaron Ekblad,FLA,D,2023,all,24,1.0,2.0,3.0,6.0,33.0,34.0,70.0,541:09,2.07,2.0,1.0,0.44,12.68,5
8474564,Steven Stamkos,TBL,C,2023,all,5,5.0,0.0,1.0,6.0,15.0,2.0,23.0,100:25,2.7,3.0,2.0,0.5,5.22,1
8476419,Jean-Gabriel Pageau,NYI,C,2023,all,4,1.0,1.0,0.0,2.0,6.0,2.0,5.0,71:27,1.25,2.0,1.0,0.46,1.29,1
8477504,Josh Morrissey,WPG,D,2023,all,5,3.0,1.0,0.0,4.0,12.0,12.0,4.0,122:55,0.84,1.0,1.0,0.5,4.25,1
8470794,Joe Pavelski,DAL,C,2023,all,19,1.0,2.0,1.0,4.0,27.0,22.0,34.0,336:18,4.21,4.0,1.0,0.58,4.1,3
8474145,Robert Bortuzzo,NYI,D,2023,all,5,0.0,1.0,0.0,1.0,0.0,2.0,6.0,67:48,0.03,0.0,0.0,0.44,-1.95,1
8481719,Maxwell Crozier,TBL,D,2023,all,3,0.0,0.0,0.0,0.0,4.0,3.0,5.0,42:44,0.16,0.0,0.0,0.58,-0.05,0
8478463,Anthony Beauvillier,NSH,L,2023,all,6,1.0,1.0,0.0,2.0,9.0,4.0,12.0,78:05,0.8,0.0,0.0,0.4,0.43,1
8474157,Max Pacioretty,WSH,L,2023,all,4,0.0,0.0,1.0,1.0,5.0,4.0,3.0,58:15,0.95,3.0,0.0,0.54,1.36,1
8473994,Jamie Benn,DAL,L,2023,all,19,4.0,5.0,6.0,15.0,36.0,24.0,51.0,325:32,6.48,11.0,2.0,0.58,14.15,11
8478398,Kyle Connor,WPG,L,2023,all,5,3.0,1.0,1.0,5.0,20.0,12.0,4.0,103:53,1.45,1.0,1.0,0.43,5.65,2
8470621,Corey Perry,EDM,R,2023,all,19,1.0,1.0,1.0,3.0,15.0,6.0,18.0,204:26,3.61,7.0,1.0,0.57,1.52,2
8478882,Vladislav Gavrikov,LAK,D,2023,all,5,0.0,1.0,1.0,2.0,2.0,6.0,11.0,99:02,0.38,0.0,0.0,0.29,2.75,2
8476858,Phillip Di Giuseppe,VAN,L,2023,all,11,1.0,0.0,1.0,2.0,8.0,7.0,36.0,114:09,1.08,1.0,1.0,0.46,1.4,1
8478483,Mitch Marner,TOR,R,2023,all,7,1.0,2.0,0.0,3.0,12.0,17.0,6.0,148:32,1.0,1.0,0.0,0.57,4.1,2
8474679,Gustav Nyquist,NSH,C,2023,all,6,1.0,3.0,0.0,4.0,5.0,5.0,6.0,120:29,1.19,2.0,0.0,0.53,4.14,3
8476822,Luke Glendening,TBL,C,2023,all,5,0.0,0.0,0.0,0.0,4.0,1.0,16.0,45:20,0.94,2.0,0.0,0.38,1.1,0
8477380,Jonny Brodzinski,NYR,C,2023,all,3,0.0,0.0,0.0,0.0,2.0,0.0,0.0,25:47,0.18,0.0,0.0,0.24,-0.1,0
8475171,Oliver Ekman-Larsson,FLA,D,2023,all,24,2.0,1.0,3.0,6.0,27.0,33.0,65.0,370:36,1.72,0.0,0.0,0.63,13.32,4
8481601,Simon Holmstrom,NYI,R,2023,all,3,0.0,0.0,0.0,0.0,1.0,1.0,0.0,34:09,0.13,0.0,0.0,0.23,-1.02,0
8479371,Dante Fabbro,NSH,D,2023,all,3,0.0,0.0,0.0,0.0,1.0,0.0,0.0,40:15,0.11,0.0,0.0,0.67,0.68,0
8475799,Nino Niederreiter,WPG,R,2023,all,5,0.0,0.0,2.0,2.0,9.0,4.0,12.0,67:46,0.87,1.0,0.0,0.4,0.72,2
8477425,Miles Wood,COL,L,2023,all,11,3.0,0.0,0.0,3.0,23.0,7.0,27.0,152:19,2.59,2.0,1.0,0.45,4.35,0
8475762,Derek Forbort,BOS,D,2023,all,3,0.0,0.0,0.0,0.0,1.0,2.0,12.0,53:27,0.03,0.0,0.0,0.21,-1.38,0
8475765,Vladimir Tarasenko,FLA,R,2023,all,24,5.0,1.0,3.0,9.0,47.0,22.0,46.0,320:54,6.48,11.0,2.0,0.59,13.57,4
8479369,Andrew Peeke,BOS,D,2023,all,6,0.0,0.0,0.0,0.0,2.0,5.0,7.0,88:30,0.13,0.0,0.0,0.22,-1.6,0
8475913,Mark Stone,VGK,R,2023,all,7,3.0,0.0,0.0,3.0,10.0,9.0,16.0,128:38,2.43,5.0,3.0,0.49,1.15,0
8481056,Spencer Stastney,NSH,D,2023,all,3,0.0,0.0,0.0,0.0,1.0,3.0,0.0,32:56,0.36,1.0,0.0,0.35,-0.03,0
8476885,Jacob Trouba,NYR,D,2023,all,16,1.0,0.0,6.0,7.0,18.0,26.0,60.0,335:43,0.82,1.0,0.0,0.37,3.75,6
8476887,Filip Forsberg,NSH,L,2023,all,6,2.0,2.0,2.0,6.0,17.0,16.0,18.0,122:34,1.33,1.0,1.0,0.63,6.63,4
8479542,Brandon Hagel,TBL,L,2023,all,5,3.0,0.0,2.0,5.0,8.0,7.0,12.0,108:00,0.78,1.0,1.0,0.34,4.54,2
8481581,Thomas Harley,DAL,D,2023,all,19,0.0,2.0,2.0,4.0,28.0,26.0,12.0,453:19,1.74,1.0,0.0,0.58,9.05,4
8476389,Vincent Trocheck,NYR,C,2023,all,16,8.0,9.0,3.0,20.0,43.0,18.0,64.0,370:13,8.25,10.0,4.0,0.55,19.39,12
8482511,Mason Lohrei,BOS,D,2023,all,11,1.0,2.0,1.0,4.0,14.0,13.0,12.0,189:11,0.53,0.0,0.0,0.54,3.4,3
8471698,T.J. Oshie,WSH,R,2023,all,4,0.0,1.0,0.0,1.0,3.0,4.0,12.0,74:17,0.56,1.0,0.0,0.47,1.43,1
8477447,Shea Theodore,VGK,D,2023,all,7,0.0,0.0,0.0,0.0,14.0,12.0,2.0,155:29,0.93,1.0,0.0,0.43,2.4,0
8478859,Niko Mikkola,FLA,D,2023,all,24,2.0,0.0,2.0,4.0,23.0,12.0,61.0,447:34,1.42,2.0,1.0,0.48,4.57,2
8478427,Sebastian Aho,CAR,C,2023,all,11,4.0,7.0,1.0,12.0,30.0,19.0,21.0,241:07,3.95,5.0,0.0,0.63,14.39,8
8481606,Jordan Spence,LAK,D,2023,all,5,0.0,1.0,0.0,1.0,5.0,4.0,9.0,78:22,0.14,0.0,0.0,0.78,3.18,1
8471677,Jack Johnson,COL,D,2023,all,11,0.0,0.0,0.0,0.0,4.0,7.0,21.0,153:25,0.15,0.0,0.0,0.54,0.35,0
8474031,Kevin Shattenkirk,BOS,D,2023,all,6,0.0,1.0,0.0,1.0,4.0,5.0,7.0,77:40,0.27,0.0,0.0,0.5,0.25,1
8470600,Ryan Suter,DAL,D,2023,all,19,1.0,2.0,1.0,4.0,9.0,16.0,19.0,338:44,0.85,1.0,0.0,0.54,2.88,3
8480980,Connor Dewar,TOR,C,2023,all,6,0.0,1.0,0.0,1.0,6.0,2.0,14.0,67:02,0.86,1.0,0.0,0.37,0.73,1
8475343,Nic Dowd,WSH,C,2023,all,4,0.0,0.0,0.0,0.0,2.0,4.0,20.0,55:48,0.16,0.0,0.0,0.16,-0.37,0
8479359,Beck Malenstyn,WSH,L,2023,all,4,0.0,0.0,0.0,0.0,4.0,2.0,13.0,47:52,0.39,1.0,0.0,0.16,0.06,0
8478450,Parker Wotherspoon,BOS,D,2023,all,10,0.0,1.0,1.0,2.0,9.0,7.0,22.0,175:33,0.2,0.0,0.0,0.45,1.62,2
8474568,Luke Schenn,NSH,D,2023,all,5,0.0,0.0,0.0,0.0,5.0,7.0,14.0,73:17,0.09,0.0,0.0,0.52,-0.07,0
8478519,Anthony Cirelli,TBL,C,2023,all,5,0.0,1.0,1.0,2.0,5.0,5.0,21.0,92:35,1.41,2.0,0.0,0.33,0.18,2
8479980,Nicolas Hague,VGK,D,2023,all,1,0.0,0.0,0.0,0.0,1.0,2.0,4.0,15:41,0.03,0.0,0.0,0.35,0.13,0
8478444,Brock Boeser,VAN,R,2023,all,12,7.0,4.0,1.0,12.0,27.0,16.0,7.0,243:39,4.57,6.0,3.0,0.63,11.28,5
8478115,Pierre Engvall,NYI,L,2023,all,5,1.0,0.0,1.0,2.0,9.0,3.0,4.0,81:52,1.0,1.0,0.0,0.56,1.71,1
8477950,Tony DeAngelo,CAR,D,2023,all,9,0.0,0.0,2.0,2.0,16.0,10.0,8.0,153:28,0.62,0.0,0.0,0.58,5.4,2
8475795,Dylan McIlrath,WSH,D,2023,all,4,0.0,0.0,0.0,0.0,1.0,5.0,7.0,46:12,0.03,0.0,0.0,0.28,1.07,0
8477947,Sonny Milano,WSH,L,2023,all,4,0.0,0.0,0.0,0.0,2.0,1.0,2.0,44:20,0.2,0.0,0.0,0.67,0.38,0
8477369,Carson Soucy,VAN,D,2023,all,12,1.0,1.0,3.0,5.0,3.0,7.0,32.0,203:40,0.12,0.0,0.0,0.38,-0.32,4
8477998,Warren Foegele,EDM,L,2023,all,22,3.0,2.0,3.0,8.0,36.0,17.0,36.0,264:36,3.62,2.0,1.0,0.5,6.63,5
8479314,Matthew Tkachuk,FLA,L,2023,all,24,6.0,12.0,4.0,22.0,83.0,35.0,71.0,443:53,8.25,6.0,2.0,0.65,28.26,16
8477407,Anthony Duclair,TBL,L,2023,all,5,0.0,2.0,0.0,2.0,5.0,3.0,7.0,67:12,1.09,2.0,0.0,0.45,1.22,2
8477406,Mattias Janmark,EDM,C,2023,all,25,4.0,3.0,1.0,8.0,22.0,4.0,23.0,298:27,3.89,7.0,1.0,0.46,4.36,4
8480078,Filip Chytil,NYR,C,2023,all,6,0.0,0.0,0.0,0.0,8.0,7.0,8.0,77:28,0.62,0.0,0.0,0.39,-0.93,0
8476459,Mika Zibanejad,NYR,C,2023,all,16,3.0,13.0,0.0,16.0,40.0,11.0,12.0,340:47,4.21,3.0,0.0,0.52,10.82,13
8477220,Nate Schmidt,WPG,D,2023,all,3,1.0,0.0,0.0,1.0,4.0,5.0,4.0,45:37,0.22,0.0,0.0,0.38,0.85,0
8480817,K'Andre Miller,NYR,D,2023,all,16,1.0,3.0,0.0,4.0,13.0,20.0,31.0,337:20,0.82,0.0,0.0,0.42,1.68,3
8475200,Dmitry Orlov,CAR,D,2023,all,11,2.0,2.0,2.0,6.0,22.0,11.0,18.0,230:22,1.06,0.0,0.0,0.54,9.9,4
8476917,Adam Pelech,NYI,D,2023,all,5,0.0,1.0,1.0,2.0,4.0,6.0,19.0,111:33,0.09,0.0,0.0,0.3,-0.4,2
8479525,Ross Colton,COL,C,2023,all,11,1.0,1.0,2.0,4.0,14.0,9.0,43.0,143:09,2.95,3.0,0.0,0.53,4.86,3
8479321,Lucas Johansen,WSH,D,2023,all,2,0.0,0.0,0.0,0.0,2.0,1.0,1.0,28:01,0.07,0.0,0.0,0.72,0.8,0
8477479,Tyler Bertuzzi,TOR,L,2023,all,7,1.0,0.0,3.0,4.0,21.0,6.0,22.0,130:03,2.47,3.0,1.0,0.49,6.32,3
8478851,Alexandre Carrier,NSH,D,2023,all,6,1.0,0.0,2.0,3.0,8.0,2.0,3.0,126:39,0.55,0.0,0.0,0.38,2.55,2
8482929,Emil Lilleberg,TBL,D,2023,all,5,0.0,0.0,0.0,0.0,5.0,1.0,14.0,87:04,0.42,1.0,0.0,0.49,1.02,0
8476905,Chandler Stephenson,VGK,C,2023,all,7,0.0,1.0,0.0,1.0,7.0,0.0,16.0,124:33,0.63,0.0,0.0,0.46,-1.14,1
8478454,Noah Juulsen,VAN,D,2023,all,2,0.0,0.0,0.0,0.0,1.0,1.0,11.0,25:49,0.05,0.0,0.0,0.2,-0.27,0
8479591,Michael Eyssimont,TBL,C,2023,all,5,0.0,0.0,0.0,0.0,11.0,4.0,16.0,64:03,0.64,0.0,0.0,0.44,1.05,0
8481042,Nikolai Kovalenko,COL,R,2023,all,2,0.0,0.0,0.0,0.0,1.0,1.0,5.0,13:36,0.01,0.0,0.0,0.71,-0.46,0
8475184,Chris Kreider,NYR,L,2023,all,16,8.0,1.0,3.0,12.0,39.0,11.0,41.0,317:26,7.29,11.0,4.0,0.54,8.02,4
8477426,Nicholas Paul,TBL,L,2023,all,5,2.0,0.0,0.0,2.0,14.0,3.0,16.0,86:05,1.9,5.0,1.0,0.49,2.69,0
8475842,Sam Carrick,EDM,C,2023,all,10,0.0,1.0,0.0,1.0,4.0,0.0,31.0,92:25,0.39,1.0,0.0,0.35,0.32,1
8482460,Matt Rempe,NYR,C,2023,all,11,1.0,0.0,0.0,1.0,5.0,0.0,38.0,67:20,0.64,1.0,0.0,0.37,-0.72,0
8474149,Evgenii Dadonov,DAL,R,2023,all,19,3.0,3.0,1.0,7.0,26.0,14.0,21.0,245:23,4.35,5.0,0.0,0.58,7.75,4
8474151,Ryan McDonagh,NSH,D,2023,all,6,0.0,0.0,1.0,1.0,7.0,8.0,10.0,142:46,0.65,1.0,0.0,0.46,0.77,1
8476881,Tomas Hertl,VGK,C,2023,all,7,1.0,0.0,0.0,1.0,14.0,1.0,27.0,129:52,2.84,4.0,1.0,0.51,1.89,0
8476967,Brett Kulak,EDM,D,2023,all,25,1.0,4.0,3.0,8.0,21.0,25.0,22.0,412:27,0.84,1.0,0.0,0.4,4.17,7
8477409,Carter Verhaeghe,FLA,C,2023,all,24,11.0,6.0,4.0,21.0,80.0,51.0,27.0,464:01,8.68,8.0,5.0,0.63,23.91,10
8479393,Noah Gregor,TOR,C,2023,all,2,0.0,0.0,0.0,0.0,1.0,0.0,7.0,16:09,0.14,0.0,0.0,0.35,0.18,0
8477964,Ivan Barbashev,VGK,C,2023,all,7,0.0,2.0,2.0,4.0,8.0,6.0,41.0,104:19,0.81,1.0,0.0,0.41,3.68,4
8473504,Cal Clutterbuck,NYI,R,2023,all,5,0.0,0.0,0.0,0.0,1.0,2.0,16.0,45:26,0.2,0.0,0.0,0.33,-1.52,0
8471685,Anze Kopitar,LAK,C,2023,all,5,1.0,2.0,0.0,3.0,9.0,3.0,14.0,100:04,1.0,1.0,0.0,0.44,4.8,2
8476879,Cody Ceci,EDM,D,2023,all,24,2.0,3.0,0.0,5.0,24.0,20.0,36.0,464:46,0.88,0.0,0.0,0.36,0.85,3
8471218,Blake Wheeler,NYR,R,2023,all,1,0.0,0.0,0.0,0.0,0.0,1.0,4.0,9:18,0.0,0.0,0.0,0.12,-0.49,0
8483491,Ivan Miroshnichenko,WSH,L,2023,all,1,0.0,0.0,0.0,0.0,2.0,0.0,3.0,9:31,0.13,0.0,0.0,1.0,0.65,0
8473533,Jordan Staal,CAR,C,2023,all,11,1.0,1.0,0.0,2.0,28.0,6.0,49.0,183:15,3.55,7.0,0.0,0.5,7.37,1
8479336,Carl Grundstrom,LAK,R,2023,all,5,0.0,0.0,0.0,0.0,4.0,0.0,9.0,28:32,0.16,0.0,0.0,0.63,0.85,0
8474565,Alex Pietrangelo,VGK,D,2023,all,7,0.0,0.0,1.0,1.0,11.0,12.0,9.0,163:07,0.92,2.0,0.0,0.39,0.12,1
8477018,Ben Hutton,VGK,D,2023,all,1,0.0,0.0,0.0,0.0,1.0,3.0,2.0,13:48,0.03,0.0,0.0,0.87,0.78,0
8480049,Dylan Samberg,WPG,D,2023,all,5,0.0,0.0,0.0,0.0,3.0,3.0,9.0,78:39,0.06,0.0,0.0,0.45,-0.82,0
8478458,Jack Roslovic,NYR,C,2023,all,16,2.0,1.0,5.0,8.0,21.0,12.0,10.0,221:41,1.86,1.0,1.0,0.43,4.12,6
8475188,Brayden McNabb,VGK,D,2023,all,7,2.0,2.0,1.0,5.0,14.0,11.0,15.0,148:45,0.48,0.0,0.0,0.4,5.65,3
8478443,Brandon Carlo,BOS,D,2023,all,13,3.0,0.0,1.0,4.0,20.0,12.0,34.0,258:48,1.29,2.0,0.0,0.4,3.3,1
8477500,Bo Horvat,NYI,C,2023,all,5,1.0,0.0,2.0,3.0,20.0,5.0,6.0,110:35,0.81,0.0,0.0,0.42,2.89,2
8471817,Ryan Reaves,TOR,R,2023,all,5,0.0,0.0,1.0,1.0,2.0,3.0,26.0,39:21,0.25,0.0,0.0,0.28,0.1,1
8481656,Aliaksei Protas,WSH,C,2023,all,4,0.0,1.0,1.0,2.0,8.0,3.0,4.0,59:50,0.53,0.0,0.0,0.44,2.26,2
8476480,Vladislav Namestnikov,WPG,C,2023,all,4,1.0,0.0,0.0,1.0,4.0,0.0,8.0,48:54,0.83,2.0,0.0,0.32,-0.17,0
8479400,Pierre-Luc Dubois,LAK,C,2023,all,5,1.0,0.0,0.0,1.0,4.0,4.0,24.0,74:11,0.31,0.0,0.0,0.46,1.02,0
8478462,Nicolas Roy,VGK,C,2023,all,7,0.0,0.0,0.0,0.0,2.0,9.0,25.0,94:41,0.29,1.0,0.0,0.37,-0.95,0
8478550,Artemi Panarin,NYR,L,2023,all,16,5.0,4.0,6.0,15.0,44.0,43.0,11.0,330:56,4.08,4.0,1.0,0.66,14.65,10
8477353,Tyler Motte,TBL,C,2023,all,5,1.0,0.0,0.0,1.0,2.0,3.0,9.0,46:46,0.18,0.0,0.0,0.34,0.54,0
8478831,Kevin Stenlund,FLA,C,2023,all,24,0.0,1.0,0.0,1.0,16.0,14.0,49.0,270:36,1.3,1.0,0.0,0.29,1.72,1
8480246,Nick Perbix,TBL,D,2023,all,2,0.0,0.0,0.0,0.0,4.0,4.0,7.0,35:15,0.13,0.0,0.0,0.48,0.05,0
8482149,Cole Perfetti,WPG,C,2023,all,1,0.0,0.0,0.0,0.0,3.0,0.0,3.0,10:56,0.1,0.0,0.0,0.11,0.01,0
8478402,Connor McDavid,EDM,C,2023,all,25,8.0,24.0,10.0,42.0,76.0,28.0,43.0,575:48,9.61,9.0,2.0,0.69,43.56,34
8477498,Darnell Nurse,EDM,D,2023,all,25,2.0,0.0,4.0,6.0,43.0,26.0,49.0,470:57,2.9,2.0,1.0,0.46,2.08,4
8477496,Elias Lindholm,VAN,C,2023,all,13,5.0,3.0,2.0,10.0,25.0,8.0,36.0,249:43,3.9,4.0,2.0,0.48,8.38,5
8481598,Philip Broberg,EDM,D,2023,all,10,2.0,0.0,1.0,3.0,6.0,13.0,2.0,157:56,0.25,0.0,0.0,0.43,2.05,1
8476393,Nick Cousins,FLA,C,2023,all,12,0.0,1.0,0.0,1.0,9.0,9.0,18.0,104:20,0.64,0.0,0.0,0.43,1.71,1
8476448,William Karlsson,VGK,C,2023,all,7,0.0,1.0,1.0,2.0,9.0,11.0,8.0,111:35,0.68,1.0,0.0,0.4,2.77,2
8475726,Tyler Toffoli,WPG,C,2023,all,5,2.0,0.0,0.0,2.0,8.0,6.0,8.0,70:23,0.63,0.0,0.0,0.36,1.88,0
8476525,Colin Miller,WPG,D,2023,all,1,0.0,0.0,1.0,1.0,3.0,3.0,4.0,14:42,0.08,0.0,0.0,0.47,1.18,1
8478449,Roope Hintz,DAL,C,2023,all,15,2.0,4.0,2.0,8.0,17.0,12.0,20.0,259:56,4.19,8.0,1.0,0.52,8.07,6
8479324,Ryan Lindgren,NYR,D,2023,all,16,0.0,2.0,1.0,3.0,9.0,18.0,22.0,321:46,0.44,0.0,0.0,0.29,-0.97,3
8478038,Devon Toews,COL,D,2023,all,10,1.0,2.0,3.0,6.0,18.0,24.0,14.0,251:58,1.65,2.0,1.0,0.56,8.7,5
8480043,Timothy Liljegren,TOR,D,2023,all,6,0.0,1.0,0.0,1.0,0.0,7.0,12.0,107:13,0.01,0.0,0.0,0.34,0.1,1
8475755,Alexander Petrovic,DAL,D,2023,all,7,0.0,0.0,0.0,0.0,4.0,5.0,14.0,84:13,0.04,0.0,0.0,0.59,0.7,0
8476921,Jordan Martinook,CAR,L,2023,all,11,2.0,2.0,0.0,4.0,20.0,13.0,17.0,172:08,2.61,4.0,1.0,0.54,8.15,2
8477933,Sam Reinhart,FLA,C,2023,all,24,10.0,2.0,4.0,16.0,78.0,39.0,54.0,518:50,11.21,13.0,2.0,0.56,23.06,6
8480880,Jakub Lauko,BOS,C,2023,all,5,1.0,0.0,0.0,1.0,8.0,0.0,17.0,45:35,0.39,0.0,0.0,0.23,0.7,0
8480031,Maxime Comtois,CAR,L,2023,all,1,0.0,0.0,0.0,0.0,0.0,1.0,3.0,6:19,0.0,0.0,0.0,0.12,-0.55,0
8479987,Morgan Geekie,BOS,C,2023,all,13,4.0,1.0,0.0,5.0,19.0,10.0,32.0,216:31,2.26,2.0,1.0,0.49,3.0,1
8478445,Mathew Barzal,NYI,C,2023,all,5,2.0,3.0,0.0,5.0,15.0,6.0,5.0,105:40,1.04,0.0,0.0,0.45,3.57,3
8479675,Trevor Moore,LAK,L,2023,all,5,1.0,0.0,0.0,1.0,15.0,6.0,11.0,84:29,1.67,3.0,0.0,0.49,2.13,0
8475177,Calvin de Haan,TBL,D,2023,all,1,0.0,0.0,0.0,0.0,0.0,0.0,1.0,10:50,0.01,0.0,0.0,0.03,-0.4,0
8475794,Tyler Seguin,DAL,C,2023,all,19,5.0,3.0,5.0,13.0,59.0,24.0,32.0,327:02,7.35,10.0,4.0,0.58,14.29,8
8477501,Valeri Nichushkin,COL,R,2023,all,8,9.0,1.0,0.0,10.0,24.0,9.0,21.0,180:04,4.67,6.0,5.0,0.63,11.79,1
8479576,Vincent Desharnais,EDM,D,2023,all,16,0.0,0.0,1.0,1.0,7.0,12.0,40.0,275:52,0.25,0.0,0.0,0.37,1.13,1
8477507,Nikita Zadorov,VAN,D,2023,all,13,4.0,0.0,4.0,8.0,21.0,18.0,45.0,262:00,0.54,0.0,0.0,0.51,7.48,4
8476891,Matt Grzelcyk,BOS,D,2023,all,3,0.0,0.0,0.0,0.0,3.0,0.0,7.0,54:30,0.14,0.0,0.0,0.32,-0.48,0
8475169,Evander Kane,EDM,L,2023,all,20,4.0,2.0,2.0,8.0,44.0,29.0,64.0,299:05,5.03,7.0,0.0,0.51,7.51,4
8482720,Matthew Knies,TOR,L,2023,all,7,2.0,1.0,0.0,3.0,14.0,3.0,23.0,105:37,1.55,3.0,1.0,0.53,3.36,1
8478468,Jeremy Lauzon,NSH,D,2023,all,6,0.0,1.0,0.0,1.0,4.0,1.0,23.0,110:55,0.17,0.0,0.0,0.37,0.25,1
8478178,Darren Raddysh,TBL,D,2023,all,3,0.0,0.0,0.0,0.0,4.0,5.0,12.0,51:19,0.26,0.0,0.0,0.52,1.15,0
8480830,Andrei Svechnikov,CAR,R,2023,all,11,2.0,4.0,5.0,11.0,28.0,20.0,32.0,206:01,3.48,5.0,0.0,0.68,12.55,9
8482148,Hendrix Lapierre,WSH,C,2023,all,4,1.0,1.0,0.0,2.0,7.0,4.0,8.0,52:44,0.71,0.0,0.0,0.61,2.63,1
8479638,Justin Brazeau,BOS,R,2023,all,9,1.0,0.0,1.0,2.0,11.0,6.0,35.0,107:26,1.81,2.0,0.0,0.64,1.46,1
8474037,James van Riemsdyk,BOS,L,2023,all,11,1.0,2.0,2.0,5.0,16.0,8.0,24.0,129:25,1.77,3.0,0.0,0.61,4.71,4
8477497,Sean Monahan,WPG,C,2023,all,5,0.0,0.0,1.0,1.0,13.0,3.0,6.0,91:47,1.72,3.0,0.0,0.39,1.27,1
8482062,Cole Smith,NSH,L,2023,all,5,0.0,0.0,0.0,0.0,5.0,3.0,12.0,67:08,0.14,0.0,0.0,0.33,-0.83,0
8480848,Ty Dellandrea,DAL,C,2023,all,6,1.0,0.0,0.0,1.0,8.0,3.0,10.0,64:27,0.41,0.0,0.0,0.38,1.76,0
8478498,Jake DeBrusk,BOS,L,2023,all,13,5.0,5.0,1.0,11.0,26.0,7.0,53.0,234:07,3.22,3.0,2.0,0.41,6.68,6
8476918,Jimmy Vesey,NYR,L,2023,all,12,1.0,1.0,1.0,3.0,9.0,6.0,8.0,134:17,2.16,4.0,0.0,0.47,-0.33,2
8476853,Morgan Rielly,TOR,D,2023,all,7,0.0,1.0,2.0,3.0,17.0,13.0,14.0,173:53,1.24,1.0,0.0,0.59,5.77,3
8477476,Artturi Lehkonen,COL,L,2023,all,11,6.0,4.0,1.0,11.0,35.0,17.0,28.0,244:02,5.85,7.0,2.0,0.58,13.65,5
8479999,Casey Mittelstadt,COL,C,2023,all,11,3.0,4.0,2.0,9.0,24.0,3.0,16.0,191:33,2.55,3.0,3.0,0.5,8.64,6
8476539,Jonathan Marchessault,VGK,R,2023,all,7,2.0,2.0,0.0,4.0,25.0,10.0,25.0,131:11,1.44,1.0,0.0,0.49,6.97,2
8480145,Neal Pionk,WPG,D,2023,all,5,0.0,0.0,1.0,1.0,5.0,6.0,19.0,109:47,0.47,0.0,0.0,0.3,-0.22,1
8477446,Michael McCarron,NSH,R,2023,all,6,0.0,0.0,0.0,0.0,7.0,2.0,9.0,78:58,0.81,2.0,0.0,0.38,-0.71,0
8479661,Tanner Jeannot,TBL,L,2023,all,4,0.0,1.0,0.0,1.0,3.0,2.0,17.0,34:58,0.49,1.0,0.0,0.67,0.72,1
8476422,Mike Reilly,NYI,D,2023,all,5,1.0,1.0,0.0,2.0,12.0,2.0,0.0,94:44,0.57,1.0,1.0,0.55,0.5,1
8474673,TJ Brodie,TOR,D,2023,all,1,0.0,0.0,0.0,0.0,2.0,2.0,2.0,17:10,0.07,0.0,0.0,0.43,0.3,0
8480800,Quinn Hughes,VAN,D,2023,all,13,0.0,4.0,6.0,10.0,21.0,35.0,4.0,317:30,1.14,1.0,0.0,0.65,12.68,10
8480727,Zach Whitecloud,VGK,D,2023,all,6,0.0,0.0,0.0,0.0,4.0,7.0,9.0,92:24,0.14,0.0,0.0,0.35,0.1,0
8475179,Dmitry Kulikov,FLA,D,2023,all,24,0.0,0.0,2.0,2.0,15.0,17.0,55.0,333:59,0.6,0.0,0.0,0.48,5.63,2
8478911,Matt Roy,LAK,D,2023,all,5,0.0,1.0,1.0,2.0,5.0,8.0,18.0,97:28,0.38,1.0,0.0,0.34,3.72,2
8482861,Vincent Iorio,WSH,D,2023,all,1,0.0,0.0,0.0,0.0,0.0,0.0,0.0,1:50,0.0,0.0,0.0,0.0,-0.45,0
8477942,Kevin Fiala,LAK,L,2023,all,5,1.0,0.0,1.0,2.0,16.0,19.0,10.0,93:01,0.98,1.0,0.0,0.45,3.7,1
8480069,Cale Makar,COL,D,2023,all,11,5.0,5.0,5.0,15.0,36.0,30.0,6.0,296:44,3.71,5.0,3.0,0.57,16.05,10
8475151,Kyle Palmieri,NYI,C,2023,all,5,1.0,2.0,0.0,3.0,16.0,4.0,6.0,98:22,2.78,5.0,1.0,0.41,1.15,2
8480144,David Kampf,TOR,C,2023,all,7,1.0,0.0,0.0,1.0,10.0,5.0,13.0,93:27,0.7,1.0,0.0,0.32,0.63,0
8476331,Dylan DeMelo,WPG,D,2023,all,5,0.0,1.0,0.0,1.0,5.0,7.0,20.0,112:00,0.08,0.0,0.0,0.32,0.17,1
8477488,Brett Pesce,CAR,D,2023,all,2,0.0,1.0,0.0,1.0,1.0,1.0,2.0,28:36,0.06,0.0,0.0,0.57,1.38,1
8478396,Noah Hanifin,VGK,D,2023,all,7,2.0,3.0,0.0,5.0,12.0,18.0,6.0,166:01,0.57,0.0,0.0,0.44,4.75,3
8478010,Brayden Point,TBL,C,2023,all,5,2.0,1.0,2.0,5.0,12.0,9.0,9.0,103:05,1.71,2.0,0.0,0.51,5.9,3
8480003,Jesper Boqvist,BOS,C,2023,all,8,0.0,1.0,0.0,1.0,4.0,2.0,26.0,79:35,0.46,1.0,0.0,0.67,-0.19,1
8476869,Brady Skjei,CAR,D,2023,all,11,1.0,5.0,3.0,9.0,24.0,22.0,18.0,234:55,1.23,1.0,0.0,0.59,12.3,8
8476312,Josh Manson,COL,D,2023,all,11,2.0,4.0,1.0,7.0,25.0,28.0,39.0,224:10,1.57,3.0,2.0,0.47,9.32,5
8480012,Elias Pettersson,VAN,C,2023,all,13,1.0,1.0,4.0,6.0,22.0,18.0,28.0,248:43,2.55,2.0,0.0,0.62,7.5,5
8471214,Alex Ovechkin,WSH,L,2023,all,4,0.0,0.0,0.0,0.0,5.0,11.0,12.0,78:21,0.55,0.0,0.0,0.56,0.93,0
8482070,Mitchell Chaffee,TBL,R,2023,all,5,0.0,0.0,0.0,0.0,4.0,0.0,23.0,59:40,0.46,0.0,0.0,0.41,0.55,0
8476854,Hampus Lindholm,BOS,D,2023,all,13,1.0,1.0,2.0,4.0,17.0,14.0,14.0,290:25,0.78,1.0,0.0,0.51,3.67,3
8479323,Adam Fox,NYR,D,2023,all,16,0.0,3.0,5.0,8.0,25.0,28.0,17.0,383:23,1.47,0.0,0.0,0.54,8.78,8
8481019,David Gustafsson,WPG,C,2023,all,4,1.0,0.0,0.0,1.0,4.0,1.0,6.0,30:46,0.47,1.0,1.0,0.5,0.17,0
8478856,Conor Garland,VAN,R,2023,all,13,3.0,2.0,0.0,5.0,24.0,16.0,10.0,196:08,1.77,0.0,0.0,0.54,5.35,2
8481624,Ilya Mikheyev,VAN,R,2023,all,11,0.0,0.0,0.0,0.0,11.0,6.0,9.0,133:08,1.83,2.0,0.0,0.51,1.02,0
8480036,Miro Heiskanen,DAL,D,2023,all,19,6.0,5.0,5.0,16.0,44.0,46.0,26.0,535:31,2.78,1.0,1.0,0.57,15.4,10
8480039,Martin Necas,CAR,C,2023,all,11,4.0,2.0,3.0,9.0,24.0,17.0,13.0,192:55,2.87,2.0,2.0,0.56,10.92,5
8481122,Simon Benoit,TOR,D,2023,all,7,0.0,0.0,0.0,0.0,7.0,7.0,37.0,119:25,0.17,0.0,0.0,0.41,0.32,0
8477015,Connor Brown,EDM,R,2023,all,19,2.0,4.0,0.0,6.0,14.0,10.0,9.0,226:27,1.55,3.0,2.0,0.41,3.25,4
8473419,Brad Marchand,BOS,L,2023,all,11,3.0,5.0,2.0,10.0,20.0,16.0,28.0,200:47,2.96,3.0,2.0,0.55,9.25,7
8475744,Evgeny Kuznetsov,CAR,C,2023,all,10,4.0,0.0,2.0,6.0,20.0,11.0,8.0,114:58,1.39,1.0,1.0,0.59,6.94,2
8478542,Evan Rodrigues,FLA,C,2023,all,24,7.0,6.0,2.0,15.0,44.0,28.0,53.0,352:56,4.72,4.0,2.0,0.6,21.15,8
8480878,Nils Lundkvist,DAL,D,2023,all,12,0.0,1.0,0.0,1.0,4.0,6.0,6.0,53:30,0.12,0.0,0.0,0.49,1.75,1
8478904,Steven Lorentz,FLA,C,2023,all,16,2.0,1.0,0.0,3.0,7.0,4.0,40.0,113:52,0.84,0.0,0.0,0.38,2.07,1
8482740,Wyatt Johnston,DAL,C,2023,all,19,10.0,4.0,2.0,16.0,57.0,37.0,26.0,392:01,9.23,8.0,3.0,0.56,16.11,6
8480803,Evan Bouchard,EDM,D,2023,all,25,6.0,7.0,19.0,32.0,74.0,100.0,28.0,625:27,5.24,5.0,2.0,0.72,38.5,26
8480748,Kiefer Sherwood,NSH,L,2023,all,6,1.0,0.0,0.0,1.0,4.0,2.0,33.0,71:49,1.07,1.0,1.0,0.37,-0.64,0
8476979,Erik Gustafsson,NYR,D,2023,all,16,0.0,2.0,1.0,3.0,13.0,19.0,32.0,290:28,0.48,0.0,0.0,0.53,0.88,3
8475231,Casey Cizikas,NYI,C,2023,all,5,1.0,0.0,1.0,2.0,5.0,3.0,12.0,79:42,0.86,1.0,0.0,0.38,0.29,1
8481617,Vasily Podkolzin,VAN,R,2023,all,2,0.0,0.0,0.0,0.0,2.0,1.0,6.0,17:03,0.3,1.0,0.0,0.56,0.2,0
8477493,Aleksander Barkov,FLA,C,2023,all,24,8.0,9.0,5.0,22.0,61.0,29.0,50.0,509:56,8.32,11.0,4.0,0.56,26.96,14
8480014,Gabriel Vilardi,WPG,C,2023,all,5,0.0,3.0,1.0,4.0,9.0,2.0,4.0,85:17,1.59,3.0,0.0,0.47,2.96,4
8476392,Adam Lowry,WPG,C,2023,all,5,2.0,0.0,0.0,2.0,4.0,2.0,25.0,71:47,0.99,1.0,0.0,0.3,1.3,0
8477934,Leon Draisaitl,EDM,C,2023,all,25,10.0,15.0,6.0,31.0,73.0,33.0,23.0,534:49,9.78,8.0,2.0,0.68,28.79,21
8479351,Sam Steel,DAL,C,2023,all,19,1.0,1.0,3.0,5.0,19.0,10.0,24.0,251:42,2.63,3.0,1.0,0.44,4.78,4
8478057,Dakota Joshua,VAN,C,2023,all,13,4.0,3.0,1.0,8.0,9.0,5.0,74.0,205:43,2.6,6.0,4.0,0.39,3.83,4
8480185,Eetu Luostarinen,FLA,C,2023,all,24,2.0,2.0,4.0,8.0,27.0,23.0,63.0,367:21,3.32,6.0,2.0,0.47,11.84,6
8480802,Ryan McLeod,EDM,C,2023,all,24,4.0,0.0,0.0,4.0,26.0,13.0,27.0,316:52,3.46,5.0,1.0,0.48,2.61,0
8482109,Alexis Lafrenire,NYR,L,2023,all,16,8.0,2.0,4.0,14.0,43.0,16.0,41.0,266:49,4.79,6.0,2.0,0.56,15.55,6
8478043,Sam Lafferty,VAN,C,2023,all,11,0.0,0.0,0.0,0.0,7.0,2.0,27.0,94:36,1.28,2.0,0.0,0.44,-0.81,0
8477506,Ryan Pulock,NYI,D,2023,all,5,0.0,0.0,3.0,3.0,2.0,7.0,14.0,122:56,0.06,0.0,0.0,0.37,0.55,3
8474709,Matt Martin,NYI,L,2023,all,3,0.0,0.0,0.0,0.0,2.0,2.0,7.0,28:40,0.39,0.0,0.0,0.45,-0.74,0
8479998,Mikey Anderson,LAK,D,2023,all,5,1.0,0.0,2.0,3.0,9.0,7.0,17.0,100:17,0.49,1.0,0.0,0.36,4.42,2
8479398,Samuel Girard,COL,D,2023,all,9,0.0,0.0,3.0,3.0,9.0,17.0,12.0,206:44,0.36,0.0,0.0,0.45,6.17,3
8476958,Jaccob Slavin,CAR,D,2023,all,11,1.0,0.0,2.0,3.0,23.0,12.0,9.0,251:23,0.92,0.0,0.0,0.48,6.47,2
8475167,Victor Hedman,TBL,D,2023,all,5,1.0,3.0,3.0,7.0,15.0,6.0,10.0,128:45,0.71,0.0,0.0,0.45,6.57,6
8475786,Zach Hyman,EDM,L,2023,all,25,16.0,4.0,2.0,22.0,90.0,25.0,54.0,535:18,18.35,30.0,5.0,0.7,29.91,6
8477956,David Pastrnak,BOS,R,2023,all,13,4.0,2.0,2.0,8.0,41.0,33.0,26.0,255:28,4.83,6.0,0.0,0.57,9.04,4
8476880,Tom Wilson,WSH,R,2023,all,4,1.0,2.0,0.0,3.0,10.0,4.0,15.0,76:06,1.79,2.0,1.0,0.47,3.4,2
8482155,Alex Laferriere,LAK,R,2023,all,5,1.0,1.0,0.0,2.0,10.0,7.0,22.0,65:44,1.68,2.0,0.0,0.67,3.14,1
8480835,Jack Drury,CAR,C,2023,all,11,1.0,2.0,2.0,5.0,21.0,9.0,10.0,144:02,1.59,0.0,0.0,0.51,8.33,4
8480459,Pius Suter,VAN,C,2023,all,13,2.0,1.0,0.0,3.0,23.0,6.0,13.0,186:47,4.2,5.0,0.0,0.6,5.39,1
8481582,Nicholas Robertson,TOR,L,2023,all,6,0.0,0.0,0.0,0.0,11.0,4.0,6.0,58:46,0.86,1.0,0.0,0.51,1.26,0
8476624,Barclay Goodrow,NYR,C,2023,all,16,6.0,1.0,1.0,8.0,15.0,8.0,41.0,210:28,2.44,6.0,2.0,0.33,0.83,2
8477492,Nathan MacKinnon,COL,C,2023,all,11,4.0,4.0,6.0,14.0,46.0,30.0,8.0,270:42,3.0,0.0,0.0,0.63,17.23,10
8478434,Keegan Kolesar,VGK,R,2023,all,6,0.0,0.0,0.0,0.0,5.0,1.0,20.0,66:40,0.28,0.0,0.0,0.27,-2.13,0
8477494,Jonathan Drouin,COL,L,2023,all,3,0.0,3.0,0.0,3.0,4.0,7.0,6.0,72:47,0.61,0.0,0.0,0.4,3.34,3
8480995,Pontus Holmberg,TOR,R,2023,all,7,0.0,0.0,0.0,0.0,6.0,2.0,13.0,81:56,0.44,0.0,0.0,0.3,-0.02,0
8476856,Mathew Dumba,TBL,D,2023,all,5,0.0,0.0,0.0,0.0,7.0,9.0,25.0,78:11,0.39,0.0,0.0,0.4,0.88,0
8479520,Brandon Duhaime,COL,R,2023,all,11,1.0,0.0,0.0,1.0,6.0,3.0,39.0,85:22,1.29,2.0,0.0,0.5,0.3,0
8479325,Charlie McAvoy,BOS,D,2023,all,13,1.0,2.0,3.0,6.0,23.0,24.0,53.0,332:36,1.6,1.0,0.0,0.49,6.22,5
8481016,Ruslan Iskhakov,NYI,C,2023,all,1,0.0,0.0,0.0,0.0,0.0,0.0,0.0,5:58,0.0,0.0,0.0,0.32,-0.25,0
8478508,Yakov Trenin,COL,C,2023,all,10,1.0,0.0,0.0,1.0,8.0,12.0,30.0,105:55,0.68,0.0,0.0,0.39,1.02,0
8480873,Rasmus Sandin,WSH,D,2023,all,1,0.0,0.0,0.0,0.0,0.0,3.0,4.0,20:44,0.01,0.0,0.0,0.57,-0.05,0
8476931,Jake McCabe,TOR,D,2023,all,7,1.0,0.0,0.0,1.0,5.0,5.0,22.0,149:46,0.9,2.0,0.0,0.53,1.72,0
8482496,Nils Aman,VAN,C,2023,all,5,0.0,0.0,0.0,0.0,1.0,0.0,6.0,47:16,0.08,0.0,0.0,0.3,-0.79,0
8479066,Ryan Lomberg,FLA,L,2023,all,8,0.0,0.0,0.0,0.0,11.0,5.0,30.0,58:45,0.52,0.0,0.0,0.58,0.83,0
8476454,Ryan Nugent-Hopkins,EDM,C,2023,all,25,7.0,4.0,11.0,22.0,37.0,18.0,43.0,507:57,6.9,9.0,5.0,0.6,16.81,15
8482702,Logan Stankoven,DAL,C,2023,all,19,3.0,4.0,1.0,8.0,36.0,22.0,24.0,304:24,4.23,6.0,1.0,0.59,9.76,5
8477505,Alexander Wennberg,NYR,C,2023,all,16,1.0,0.0,1.0,2.0,13.0,9.0,11.0,262:59,2.45,4.0,0.0,0.39,0.3,1
8479378,Logan Stanley,WPG,D,2023,all,3,0.0,0.0,1.0,1.0,2.0,2.0,16.0,29:58,0.09,0.0,0.0,0.38,-1.05,1
8475314,Anders Lee,NYI,L,2023,all,5,1.0,2.0,1.0,4.0,15.0,5.0,13.0,81:11,2.43,4.0,1.0,0.58,3.82,3
8479365,Trent Frederic,BOS,C,2023,all,13,3.0,0.0,2.0,5.0,18.0,5.0,53.0,174:03,3.41,5.0,2.0,0.57,4.89,2
8478891,Mason Appleton,WPG,C,2023,all,5,0.0,2.0,0.0,2.0,7.0,1.0,9.0,69:59,0.48,1.0,0.0,0.34,1.13,2
8476889,Radek Faksa,DAL,C,2023,all,8,1.0,0.0,0.0,1.0,8.0,4.0,26.0,95:20,0.69,1.0,0.0,0.25,0.52,0
8474574,Tyler Myers,VAN,D,2023,all,12,0.0,0.0,1.0,1.0,7.0,14.0,40.0,233:55,0.52,0.0,0.0,0.36,-1.32,1
8482157,Will Cuylle,NYR,L,2023,all,16,1.0,0.0,1.0,2.0,18.0,9.0,46.0,180:35,1.87,2.0,0.0,0.43,1.66,1
8476873,Mark Jankowski,NSH,C,2023,all,6,1.0,0.0,1.0,2.0,5.0,2.0,7.0,60:30,0.41,0.0,0.0,0.38,2.13,1
8477986,Brandon Montour,FLA,D,2023,all,24,3.0,3.0,5.0,11.0,48.0,38.0,48.0,543:54,3.61,2.0,2.0,0.62,15.05,8
8479425,Filip Hronek,VAN,D,2023,all,13,1.0,0.0,1.0,2.0,13.0,20.0,25.0,273:31,0.66,0.0,0.0,0.46,3.28,1
8470613,Brent Burns,CAR,D,2023,all,11,1.0,0.0,3.0,4.0,24.0,32.0,6.0,250:30,0.76,0.0,0.0,0.56,7.05,3
8475324,Nick Jensen,WSH,D,2023,all,1,0.0,0.0,0.0,0.0,1.0,2.0,0.0,21:03,0.05,0.0,0.0,0.34,-0.42,0
8474641,Adam Henrique,EDM,C,2023,all,17,4.0,2.0,1.0,7.0,14.0,5.0,52.0,239:49,2.67,4.0,0.0,0.48,3.91,3
8482145,Mavrik Bourque,DAL,C,2023,all,1,0.0,0.0,0.0,0.0,2.0,0.0,1.0,7:56,0.07,0.0,0.0,0.93,0.55,0
8475455,Brenden Dillon,WPG,D,2023,all,3,0.0,2.0,1.0,3.0,1.0,1.0,12.0,63:13,0.16,0.0,0.0,0.29,2.08,3
8476441,Joel Edmundson,TOR,D,2023,all,7,0.0,0.0,1.0,1.0,7.0,15.0,22.0,130:39,0.51,0.0,0.0,0.4,1.72,1
8480027,Jason Robertson,DAL,L,2023,all,19,6.0,6.0,4.0,16.0,46.0,43.0,26.0,375:02,3.76,2.0,0.0,0.57,14.35,10
8475754,Brock Nelson,NYI,C,2023,all,5,2.0,0.0,2.0,4.0,7.0,4.0,3.0,100:07,0.61,1.0,1.0,0.46,0.66,2
8475690,Chris Tanev,DAL,D,2023,all,19,0.0,0.0,2.0,2.0,13.0,11.0,30.0,423:33,0.69,0.0,0.0,0.47,4.48,2
8480336,Sean Walker,COL,D,2023,all,11,0.0,0.0,0.0,0.0,16.0,18.0,25.0,198:44,0.55,0.0,0.0,0.55,2.2,0
8475745,Charlie Coyle,BOS,C,2023,all,13,1.0,2.0,2.0,5.0,20.0,8.0,59.0,244:36,4.0,4.0,0.0,0.44,4.0,4
8477392,Hudson Fasching,NYI,R,2023,all,4,0.0,0.0,0.0,0.0,3.0,2.0,2.0,55:00,0.43,1.0,0.0,0.36,-1.27,0
8477511,Anthony Mantha,VGK,R,2023,all,3,0.0,0.0,0.0,0.0,5.0,4.0,5.0,40:48,0.39,0.0,0.0,0.27,-0.28,0
8478585,Derek Ryan,EDM,C,2023,all,19,0.0,1.0,0.0,1.0,11.0,7.0,34.0,162:32,1.08,1.0,0.0,0.24,-1.16,1
8477503,Max Domi,TOR,C,2023,all,7,1.0,1.0,2.0,4.0,17.0,11.0,5.0,118:39,1.85,3.0,1.0,0.49,5.61,3
8478046,Danton Heinen,BOS,L,2023,all,8,0.0,1.0,0.0,1.0,10.0,6.0,12.0,122:24,0.77,0.0,0.0,0.44,1.49,1
8475166,John Tavares,TOR,C,2023,all,7,1.0,1.0,0.0,2.0,22.0,14.0,34.0,133:24,5.16,7.0,1.0,0.69,3.47,1
8475780,Chris Wagner,COL,R,2023,all,2,0.0,0.0,0.0,0.0,0.0,1.0,10.0,17:27,0.06,0.0,0.0,0.46,0.11,0
8479410,Mikhail Sergachev,TBL,D,2023,all,2,0.0,1.0,0.0,1.0,2.0,2.0,1.0,35:26,0.1,0.0,0.0,0.3,0.8,1
8476460,Mark Scheifele,WPG,C,2023,all,5,2.0,2.0,2.0,6.0,10.0,7.0,13.0,108:33,1.23,1.0,1.0,0.44,4.82,4
8481535,Nils Hoglander,VAN,L,2023,all,11,1.0,0.0,1.0,2.0,8.0,1.0,14.0,110:00,2.03,4.0,1.0,0.62,3.45,1
8476468,J.T. Miller,VAN,C,2023,all,13,3.0,7.0,2.0,12.0,29.0,15.0,42.0,278:46,4.88,8.0,2.0,0.65,13.07,9
8477404,Jake Guentzel,CAR,C,2023,all,11,4.0,3.0,2.0,9.0,28.0,19.0,8.0,219:35,5.39,6.0,1.0,0.67,11.35,5
8477939,William Nylander,TOR,R,2023,all,4,3.0,0.0,0.0,3.0,18.0,10.0,5.0,86:56,1.54,1.0,0.0,0.57,3.52,0
8477960,Adrian Kempe,LAK,R,2023,all,5,4.0,1.0,0.0,5.0,21.0,15.0,13.0,99:01,2.29,5.0,0.0,0.46,6.93,1
8476453,Nikita Kucherov,TBL,R,2023,all,5,0.0,5.0,2.0,7.0,9.0,11.0,13.0,107:09,0.83,1.0,0.0,0.52,7.08,7
8479536,Axel Jonsson-Fjallby,WPG,L,2023,all,1,0.0,0.0,0.0,0.0,0.0,1.0,1.0,6:52,0.03,0.0,0.0,0.08,-0.5,0
8470610,Zach Parise,COL,L,2023,all,11,2.0,1.0,0.0,3.0,19.0,4.0,30.0,160:23,3.04,5.0,1.0,0.52,3.56,1
8482077,Dylan Holloway,EDM,L,2023,all,25,5.0,1.0,1.0,7.0,29.0,13.0,85.0,287:42,2.73,4.0,1.0,0.51,7.78,2
8477935,Sam Bennett,FLA,C,2023,all,19,7.0,6.0,1.0,14.0,38.0,42.0,86.0,305:10,6.74,9.0,3.0,0.59,17.78,7
8478020,Michael Amadio,VGK,R,2023,all,4,1.0,1.0,0.0,2.0,4.0,3.0,2.0,45:25,0.66,2.0,1.0,0.53,3.13,1
8474600,Roman Josi,NSH,D,2023,all,6,1.0,2.0,0.0,3.0,13.0,22.0,3.0,154:22,1.35,1.0,1.0,0.58,4.22,2
8478452,Caleb Jones,COL,D,2023,all,3,0.0,0.0,0.0,0.0,0.0,2.0,5.0,33:28,0.0,0.0,0.0,0.61,0.45,0
8474590,John Carlson,WSH,D,2023,all,4,1.0,0.0,1.0,2.0,14.0,13.0,4.0,116:46,0.95,2.0,0.0,0.47,3.15,1
8482113,Anton Lundell,FLA,C,2023,all,24,3.0,9.0,5.0,17.0,29.0,28.0,44.0,388:57,3.56,4.0,0.0,0.61,19.36,14
8474563,Drew Doughty,LAK,D,2023,all,5,2.0,1.0,0.0,3.0,6.0,10.0,8.0,136:30,0.46,1.0,1.0,0.32,3.45,1
8478055,Gustav Forsling,FLA,D,2023,all,24,4.0,6.0,3.0,13.0,51.0,47.0,44.0,562:00,2.92,1.0,0.0,0.47,20.47,9
8481024,Linus Karlsson,VAN,C,2023,all,2,0.0,0.0,0.0,0.0,0.0,2.0,1.0,19:49,0.39,1.0,0.0,0.46,-0.1,0
8481641,Joel Kiviranta,COL,L,2023,all,8,1.0,1.0,0.0,2.0,7.0,9.0,23.0,94:05,1.09,2.0,0.0,0.55,2.79,1
8476882,Teuvo Teravainen,CAR,L,2023,all,11,2.0,3.0,1.0,6.0,18.0,17.0,3.0,199:26,1.37,1.0,1.0,0.57,8.59,4
8475158,Ryan O'Reilly,NSH,C,2023,all,6,1.0,1.0,0.0,2.0,12.0,5.0,1.0,135:09,1.46,2.0,1.0,0.59,4.08,1
8479318,Auston Matthews,TOR,C,2023,all,5,1.0,3.0,0.0,4.0,20.0,9.0,26.0,99:24,2.56,3.0,0.0,0.62,6.08,3
8478416,Erik Cernak,TBL,D,2023,all,5,0.0,0.0,1.0,1.0,2.0,8.0,24.0,103:13,0.07,0.0,0.0,0.33,0.3,1
8473453,Trevor Lewis,LAK,C,2023,all,5,0.0,0.0,0.0,0.0,8.0,2.0,18.0,53:00,0.49,0.0,0.0,0.17,0.89,0
8478401,Pavel Zacha,BOS,C,2023,all,13,1.0,3.0,2.0,6.0,19.0,9.0,25.0,234:58,2.13,2.0,0.0,0.4,4.85,5
8476902,Esa Lindell,DAL,D,2023,all,19,3.0,1.0,1.0,5.0,23.0,24.0,27.0,470:18,2.02,3.0,1.0,0.46,4.33,2
8482073,Braden Schneider,NYR,D,2023,all,16,0.0,2.0,0.0,2.0,15.0,26.0,32.0,280:35,0.56,0.0,0.0,0.43,-0.58,2
8478420,Mikko Rantanen,COL,R,2023,all,11,4.0,5.0,5.0,14.0,32.0,16.0,21.0,264:38,3.68,5.0,1.0,0.64,17.03,10
8481481,Blake Lizotte,LAK,C,2023,all,5,1.0,0.0,0.0,1.0,3.0,2.0,10.0,51:48,0.39,0.0,0.0,0.23,2.02,0
8477887,Patrick Brown,BOS,C,2023,all,1,0.0,0.0,0.0,0.0,0.0,0.0,9.0,8:27,0.0,0.0,0.0,0.57,-0.32,0
8471699,Andrew Cogliano,COL,C,2023,all,11,0.0,4.0,1.0,5.0,3.0,3.0,5.0,94:55,0.14,0.0,0.0,0.44,3.93,5
8481704,Juuso Parssinen,NSH,C,2023,all,1,0.0,0.0,0.0,0.0,1.0,1.0,2.0,15:11,0.2,0.0,0.0,0.28,-0.53,0
8481237,Kyle MacLean,NYI,C,2023,all,5,1.0,0.0,0.0,1.0,6.0,3.0,7.0,59:34,0.74,1.0,1.0,0.48,-0.16,0
